,tot_med,tot_lo,tot_hi,type,age_group
symp,5157648.697,4005614.841,6291885.587,symptomatic,"[0,10)"
asymp,4680238.563,3546001.673,5832272.419,asymptomatic,"[0,10)"
df_hosp,202377.4901,144716.6016,285189.0799,hospitalisation,"[0,10)"
df_hosp_acute,84745.5314,59536.51387,120254.884,hospitalisation_acute,"[0,10)"
df_hosp_chronic_6m,39453.27883,27716.16039,55620.2008,hospitalisation_chronic6m,"[0,10)"
df_hosp_chronic_12m,17061.15408,11567.04145,25387.64962,hospitalisation_chronic12m,"[0,10)"
df_hosp_chronic_30m,1375.363593,558.3216293,2790.369599,hospitalisation_chronic30m,"[0,10)"
df_hosp_subac,59700.70409,42821.31315,83721.24798,hospitalisation_subacute,"[0,10)"
df_hosp_fatal,5032.810095,2978.371583,8514.849349,fatal,"[0,10)"
df_nonhosp,4945329.027,3857750.824,6031116.148,nonhospitalisation,"[0,10)"
df_nonhosp_acute,2058220.612,1598375.943,2571305.563,nonhosp_acute,"[0,10)"
df_nonhosp_chronic_6m,965653.3355,744207.3856,1185260.611,nonhosp_chronic_6m,"[0,10)"
df_nonhosp_chronic_12m,421087.1155,296151.3148,549296.26,nonhosp_chronic_12m,"[0,10)"
df_nonhosp_chronic_30m,32972.44759,14501.55479,65591.02429,nonhosp_chronic_30m,"[0,10)"
df_nonhosp_subac,1459479.125,1130698.606,1776020.739,nonhosp_subac,"[0,10)"
df_yld_hosp_chronic,12233.50749,4387.121274,25315.7956,yld_hosp_chronic,"[0,10)"
df_yld_hosp_acute,267.2174106,103.1979154,666.3980321,yld_hosp_acute,"[0,10)"
df_yld_hosp_subac,2010.440499,691.5763691,5598.732831,yld_hosp_subac,"[0,10)"
df_yld_nh_chronic,294395.6219,105254.1951,575663.0803,yld_nh_chronic,"[0,10)"
df_yld_nh_acute,6509.905497,2579.835379,15245.26409,yld_nh_acute,"[0,10)"
df_yld_nh_subac,48610.81734,17185.09357,132361.3158,yld_nh_subac,"[0,10)"
df_yld_acute,6753.734207,2685.517415,15833.69148,yld_acute,"[0,10)"
df_yld_subac,50875.99774,17936.06041,138003.0562,yld_subac,"[0,10)"
df_yld_chronic,306766.9892,109886.6686,597503.6131,yld_chronic,"[0,10)"
df_yll,356890.1933,194606.0631,658616.3864,yll,"[0,10)"
df_daly,743754.1044,434835.3823,1172555.441,daly,"[0,10)"
symp1,4086513.78,3173733.074,4985193.574,symptomatic,"[10,20)"
asymp1,3708251.657,2809571.864,4621032.363,asymptomatic,"[10,20)"
df_hosp1,160347.9515,114662.0137,225961.3195,hospitalisation,"[10,20)"
df_hosp_acute1,67145.6709,47172.03497,95280.47946,hospitalisation_acute,"[10,20)"
df_hosp_chronic_6m1,31259.6645,21960.0981,44069.05754,hospitalisation_chronic6m,"[10,20)"
df_hosp_chronic_12m1,13517.91202,9164.810723,20115.16993,hospitalisation_chronic12m,"[10,20)"
df_hosp_chronic_30m1,1089.729564,442.369995,2210.868664,hospitalisation_chronic30m,"[10,20)"
df_hosp_subac1,47302.12633,33928.22896,66334.10952,hospitalisation_subacute,"[10,20)"
df_hosp_fatal1,2900.265138,1921.647269,4376.165481,fatal,"[10,20)"
df_nonhosp1,3918288.431,3056577.294,4778580.451,nonhospitalisation,"[10,20)"
df_nonhosp_acute1,1630771.578,1266426.952,2037299.596,nonhosp_acute,"[10,20)"
df_nonhosp_chronic_6m1,765107.4923,589651.1993,939106.9653,nonhosp_chronic_6m,"[10,20)"
df_nonhosp_chronic_12m1,333636.1971,234646.9295,435219.0052,nonhosp_chronic_12m,"[10,20)"
df_nonhosp_chronic_30m1,26124.76527,11489.88745,51969.15096,nonhosp_chronic_30m,"[10,20)"
df_nonhosp_subac1,1156376.075,895876.34,1407178.667,nonhosp_subac,"[10,20)"
df_yld_hosp_chronic1,9692.865853,3476.008643,20058.23857,yld_hosp_chronic,"[10,20)"
df_yld_hosp_acute1,211.7219866,81.76588397,528.0012083,yld_hosp_acute,"[10,20)"
df_yld_hosp_subac1,1592.914382,547.950534,4435.994023,yld_hosp_subac,"[10,20)"
df_yld_nh_chronic1,233255.8566,83395.11758,456109.9934,yld_nh_chronic,"[10,20)"
df_yld_nh_acute1,5157.935332,2044.05797,12079.14405,yld_nh_acute,"[10,20)"
df_yld_nh_subac1,38515.37515,13616.11186,104872.6602,yld_nh_subac,"[10,20)"
df_yld_acute1,5351.12596,2127.792075,12545.36749,yld_acute,"[10,20)"
df_yld_subac1,40310.12529,14211.11871,109342.73,yld_subac,"[10,20)"
df_yld_chronic1,243057.9516,87065.52391,473414.7077,yld_chronic,"[10,20)"
df_yll1,178018.8704,110965.519,286992.7507,yll,"[10,20)"
df_daly1,478014.9439,291239.7004,746469.6915,daly,"[10,20)"
symp2,3178681.955,2468678.341,3877717.217,symptomatic,"[20,30)"
asymp2,2884451.934,2185416.672,3594455.548,asymptomatic,"[20,30)"
df_hosp2,124726.1526,89189.48819,175763.3052,hospitalisation,"[20,30)"
df_hosp_acute2,52229.05003,36692.61986,74113.62283,hospitalisation_acute,"[20,30)"
df_hosp_chronic_6m2,24315.23226,17081.59358,34278.97854,hospitalisation_chronic6m,"[20,30)"
df_hosp_chronic_12m2,10514.86559,7128.819296,15646.52198,hospitalisation_chronic12m,"[20,30)"
df_hosp_chronic_30m2,847.6427285,344.0961153,1719.717287,hospitalisation_chronic30m,"[20,30)"
df_hosp_subac2,36793.811,26390.96663,51597.7795,hospitalisation_subacute,"[20,30)"
df_hosp_fatal2,2350.925877,1627.755642,3337.597736,fatal,"[20,30)"
df_nonhosp2,3047828.395,2377549.081,3717003.847,nonhospitalisation,"[20,30)"
df_nonhosp_acute2,1268490.571,985086.2428,1584707.114,nonhosp_acute,"[20,30)"
df_nonhosp_chronic_6m2,595136.4682,458658.3409,730481.4132,nonhosp_chronic_6m,"[20,30)"
df_nonhosp_chronic_12m2,259517.8712,182519.3802,338533.7411,nonhosp_chronic_12m,"[20,30)"
df_nonhosp_chronic_30m2,20321.06693,8937.372882,40424.04124,nonhosp_chronic_30m,"[20,30)"
df_nonhosp_subac2,899483.5111,696854.6079,1094569.522,nonhosp_subac,"[20,30)"
df_yld_hosp_chronic2,7539.565371,2703.802424,15602.23821,yld_hosp_chronic,"[20,30)"
df_yld_hosp_acute2,164.687284,63.60133739,410.7040882,yld_hosp_acute,"[20,30)"
df_yld_hosp_subac2,1239.043464,426.221607,3450.524051,yld_hosp_subac,"[20,30)"
df_yld_nh_chronic2,181437.3378,64868.63147,354783.7317,yld_nh_chronic,"[20,30)"
df_yld_nh_acute2,4012.083839,1589.964119,9395.72435,yld_nh_acute,"[20,30)"
df_yld_nh_subac2,29959.06392,10591.24998,81574.87014,yld_nh_subac,"[20,30)"
df_yld_acute2,4162.356566,1655.096431,9758.374818,yld_acute,"[20,30)"
df_yld_subac2,31355.10466,11054.07419,85051.89995,yld_subac,"[20,30)"
df_yld_chronic2,189061.8667,67723.64546,368244.1493,yld_chronic,"[20,30)"
df_yll2,123053.1829,80284.28251,182320.3829,yll,"[20,30)"
df_daly2,355951.6785,209294.3421,554952.9664,daly,"[20,30)"
symp3,2338106.11,1815857.011,2852287.344,symptomatic,"[30,40)"
asymp3,2121682.749,1607501.514,2643931.847,asymptomatic,"[30,40)"
df_hosp3,91743.36538,65604.07415,129284.1698,hospitalisation,"[30,40)"
df_hosp_acute3,38417.5148,26989.56361,54514.89546,hospitalisation_acute,"[30,40)"
df_hosp_chronic_6m3,17885.27258,12564.50909,25214.18951,hospitalisation_chronic6m,"[30,40)"
df_hosp_chronic_12m3,7734.297377,5243.662658,11508.93016,hospitalisation_chronic12m,"[30,40)"
df_hosp_chronic_30m3,623.4907002,253.1027764,1264.952449,hospitalisation_chronic30m,"[30,40)"
df_hosp_subac3,27063.99559,19412.09628,37953.17846,hospitalisation_subacute,"[30,40)"
df_hosp_fatal3,1990.540122,1364.501753,2835.282368,fatal,"[30,40)"
df_nonhosp3,2241855.679,1748826.12,2734073.28,nonhospitalisation,"[30,40)"
df_nonhosp_acute3,933048.8546,724588.4293,1165644.577,nonhosp_acute,"[30,40)"
df_nonhosp_chronic_6m3,437757.6088,337369.9809,537311.7153,nonhosp_chronic_6m,"[30,40)"
df_nonhosp_chronic_12m3,190890.5413,134253.6576,249011.3258,nonhosp_chronic_12m,"[30,40)"
df_nonhosp_chronic_30m3,14947.33083,6573.959344,29734.24167,nonhosp_chronic_30m,"[30,40)"
df_nonhosp_subac3,661622.6231,512577.238,805119.7705,nonhosp_subac,"[30,40)"
df_yld_hosp_chronic3,5545.790397,1988.804485,11476.35693,yld_hosp_chronic,"[30,40)"
df_yld_hosp_acute3,121.1371094,46.78249614,302.096829,yld_hosp_acute,"[30,40)"
df_yld_hosp_subac3,911.3887855,313.5108688,2538.061828,yld_hosp_subac,"[30,40)"
df_yld_nh_chronic3,133457.7519,47714.66481,260964.1429,yld_nh_chronic,"[30,40)"
df_yld_nh_acute3,2951.121829,1169.511425,6911.103636,yld_nh_acute,"[30,40)"
df_yld_nh_subac3,22036.64008,7790.482532,60003.07809,yld_nh_subac,"[30,40)"
df_yld_acute3,3061.656191,1217.420042,7177.854235,yld_acute,"[30,40)"
df_yld_subac3,23063.50951,8130.916744,62560.63644,yld_subac,"[30,40)"
df_yld_chronic3,139066.0379,49814.69418,270865.0655,yld_chronic,"[30,40)"
df_yll3,85858.41232,55146.5429,127146.0415,yll,"[30,40)"
df_daly3,255708.5776,150277.6135,407608.0357,daly,"[30,40)"
symp4,1588188.818,1233444.363,1937453.07,symptomatic,"[40,50)"
asymp4,1441180.441,1091916.189,1795924.896,asymptomatic,"[40,50)"
df_hosp4,62317.86781,44562.41572,87817.94455,hospitalisation,"[40,50)"
df_hosp_acute4,21366.58022,14974.0161,30347.76632,hospitalisation_acute,"[40,50)"
df_hosp_chronic_6m4,13493.48548,9671.398578,19053.67196,hospitalisation_chronic6m,"[40,50)"
df_hosp_chronic_12m4,8197.934806,5660.245042,11996.47157,hospitalisation_chronic12m,"[40,50)"
df_hosp_chronic_30m4,1815.402462,971.8398988,3181.903662,hospitalisation_chronic30m,"[40,50)"
df_hosp_subac4,17372.1317,12377.37376,24292.58165,hospitalisation_subacute,"[40,50)"
df_hosp_fatal4,1521.606405,1067.244016,2146.391249,fatal,"[40,50)"
df_nonhosp4,1522809.468,1187912.761,1857154.638,nonhospitalisation,"[40,50)"
df_nonhosp_acute4,519557.122,403795.319,650230.7527,nonhosp_acute,"[40,50)"
df_nonhosp_chronic_6m4,331005.4969,257016.1838,404497.399,nonhosp_chronic_6m,"[40,50)"
df_nonhosp_chronic_12m4,200930.2723,150608.3947,253593.4452,nonhosp_chronic_12m,"[40,50)"
df_nonhosp_chronic_30m4,44180.82186,24741.32867,72974.07191,nonhosp_chronic_30m,"[40,50)"
df_nonhosp_subac4,424790.2396,327962.7032,517840.5428,nonhosp_subac,"[40,50)"
df_yld_hosp_chronic4,5706.199598,1993.973214,12018.86254,yld_hosp_chronic,"[40,50)"
df_yld_hosp_acute4,67.41302705,25.97234416,167.9717544,yld_hosp_acute,"[40,50)"
df_yld_hosp_subac4,581.6461355,199.4188959,1610.969233,yld_hosp_subac,"[40,50)"
df_yld_nh_chronic4,139512.6592,48563.58531,270231.5179,yld_nh_chronic,"[40,50)"
df_yld_nh_acute4,1643.490897,650.9239022,3843.750166,yld_nh_acute,"[40,50)"
df_yld_nh_subac4,14120.08972,5027.142512,38191.34969,yld_nh_subac,"[40,50)"
df_yld_acute4,1708.433112,677.5887875,4003.101523,yld_acute,"[40,50)"
df_yld_subac4,14729.38249,5226.880498,39815.07565,yld_subac,"[40,50)"
df_yld_chronic4,145227.2821,50850.52727,282364.5256,yld_chronic,"[40,50)"
df_yll4,51674.46551,34799.88734,75356.71413,yll,"[40,50)"
df_daly4,215896.688,117906.6982,359828.1187,daly,"[40,50)"
symp5,1035141.177,803927.7465,1262782.747,symptomatic,"[50,60)"
asymp5,939324.8111,711683.2414,1170538.242,asymptomatic,"[50,60)"
df_hosp5,40617.20605,29044.65105,57237.50812,hospitalisation,"[50,60)"
df_hosp_acute5,13926.19503,9759.684034,19779.90438,hospitalisation_acute,"[50,60)"
df_hosp_chronic_6m5,8794.711683,6303.572021,12418.69996,hospitalisation_chronic6m,"[50,60)"
df_hosp_chronic_12m5,5343.206041,3689.20402,7818.995403,hospitalisation_chronic12m,"[50,60)"
df_hosp_chronic_30m5,1183.233251,633.4205805,2073.884133,hospitalisation_chronic30m,"[50,60)"
df_hosp_subac5,11322.71485,8067.258119,15833.28856,hospitalisation_subacute,"[50,60)"
df_hosp_fatal5,1302.731069,922.4106834,1818.467655,fatal,"[50,60)"
df_nonhosp5,992528.5776,774251.3954,1210446.268,nonhospitalisation,"[50,60)"
df_nonhosp_acute5,338634.1564,263183.5463,423803.9072,nonhosp_acute,"[50,60)"
df_nonhosp_chronic_6m5,215740.9842,167516.628,263641.1398,nonhosp_chronic_6m,"[50,60)"
df_nonhosp_chronic_12m5,130961.2528,98162.73071,165285.7704,nonhosp_chronic_12m,"[50,60)"
df_nonhosp_chronic_30m5,28795.93859,16125.76993,47562.64625,nonhosp_chronic_30m,"[50,60)"
df_nonhosp_subac5,276867.5005,213757.7712,337515.3287,nonhosp_subac,"[50,60)"
df_yld_hosp_chronic5,3719.156177,1299.621138,7833.589847,yld_hosp_chronic,"[50,60)"
df_yld_hosp_acute5,43.93809918,16.92811606,109.4797294,yld_hosp_acute,"[50,60)"
df_yld_hosp_subac5,379.1021894,129.9761809,1049.988861,yld_hosp_subac,"[50,60)"
df_yld_nh_chronic5,90930.81004,31652.51438,176130.0526,yld_nh_chronic,"[50,60)"
df_yld_nh_acute5,1071.185625,424.2557411,2505.258728,yld_nh_acute,"[50,60)"
df_yld_nh_subac5,9203.115879,3276.563792,24892.15179,yld_nh_subac,"[50,60)"
df_yld_acute5,1113.513309,441.6352358,2609.119942,yld_acute,"[50,60)"
df_yld_subac5,9600.237464,3406.747936,25950.45509,yld_subac,"[50,60)"
df_yld_chronic5,94655.45611,33143.08506,184038.0377,yld_chronic,"[50,60)"
df_yll5,32852.95516,22009.09265,48440.66624,yll,"[50,60)"
df_daly5,139936.3204,73469.49784,236930.6151,daly,"[50,60)"
symp6,582412.9925,452322.8108,710493.4961,symptomatic,"[60,70)"
asymp6,528502.7466,400422.243,658592.9283,asymptomatic,"[60,70)"
df_hosp6,22852.91079,16341.71457,32204.17569,hospitalisation,"[60,70)"
df_hosp_acute6,7835.450051,5491.199691,11128.98771,hospitalisation_acute,"[60,70)"
df_hosp_chronic_6m6,4948.266539,3546.64873,6987.27126,hospitalisation_chronic6m,"[60,70)"
df_hosp_chronic_12m6,3006.3075,2075.69784,4399.288139,hospitalisation_chronic12m,"[60,70)"
df_hosp_chronic_30m6,665.7356752,356.3884611,1166.852521,hospitalisation_chronic30m,"[60,70)"
df_hosp_subac6,6370.625056,4538.971119,8908.45931,hospitalisation_subacute,"[60,70)"
df_hosp_fatal6,1246.444117,876.22956,1726.536111,fatal,"[60,70)"
df_nonhosp6,558437.3926,435625.6712,681046.8416,nonhospitalisation,"[60,70)"
df_nonhosp_acute6,190529.5044,148077.8866,238449.5053,nonhosp_acute,"[60,70)"
df_nonhosp_chronic_6m6,121384.7489,94251.74347,148335.3453,nonhosp_chronic_6m,"[60,70)"
df_nonhosp_chronic_12m6,73684.18568,55230.38895,92996.56953,nonhosp_chronic_12m,"[60,70)"
df_nonhosp_chronic_30m6,16201.77908,9073.021083,26760.69941,nonhosp_chronic_30m,"[60,70)"
df_nonhosp_subac6,155777.0408,120268.9131,189900.0035,nonhosp_subac,"[60,70)"
df_yld_hosp_chronic6,2092.550227,731.2202871,4407.499863,yld_hosp_chronic,"[60,70)"
df_yld_hosp_acute6,24.72138063,9.524454746,61.59779848,yld_hosp_acute,"[60,70)"
df_yld_hosp_subac6,213.2984785,73.12994616,590.7669034,yld_hosp_subac,"[60,70)"
df_yld_nh_chronic6,51161.41207,17809.00698,99098.01291,yld_nh_chronic,"[60,70)"
df_yld_nh_acute6,602.6930587,238.7037542,1409.561524,yld_nh_acute,"[60,70)"
df_yld_nh_subac6,5178.051254,1843.529448,14005.34769,yld_nh_subac,"[60,70)"
df_yld_acute6,626.5083516,248.4821721,1467.998135,yld_acute,"[60,70)"
df_yld_subac6,5401.488197,1916.776397,14600.79261,yld_subac,"[60,70)"
df_yld_chronic6,53257.05106,18647.66331,103547.3698,yld_chronic,"[60,70)"
df_yll6,22043.31032,14549.19763,31839.59621,yll,"[60,70)"
df_daly6,82068.17535,45781.4075,135258.7808,daly,"[60,70)"
symp7,244670.9371,190020.2224,298477.388,symptomatic,"[70,80)"
asymp7,222023.3078,168216.8569,276674.0225,asymptomatic,"[70,80)"
df_hosp7,9600.478094,6865.132802,13528.93211,hospitalisation,"[70,80)"
df_hosp_acute7,3291.662348,2306.845851,4675.273231,hospitalisation_acute,"[70,80)"
df_hosp_chronic_6m7,2078.760336,1489.942467,2935.343524,hospitalisation_chronic6m,"[70,80)"
df_hosp_chronic_12m7,1262.945871,871.9979363,1848.135139,hospitalisation_chronic12m,"[70,80)"
df_hosp_chronic_30m7,279.6746849,149.7183255,490.1932273,hospitalisation_chronic30m,"[70,80)"
df_hosp_subac7,2676.291285,1906.815826,3742.432141,hospitalisation_subacute,"[70,80)"
df_hosp_fatal7,1264.19734,901.4204708,1748.877853,fatal,"[70,80)"
df_nonhosp7,234598.8192,183005.7746,286106.8871,nonhospitalisation,"[70,80)"
df_nonhosp_acute7,80041.19674,62207.32699,100172.3255,nonhosp_acute,"[70,80)"
df_nonhosp_chronic_6m7,50993.57427,39595.0343,62315.48439,nonhosp_chronic_6m,"[70,80)"
df_nonhosp_chronic_12m7,30954.62999,23202.21425,39067.73685,nonhosp_chronic_12m,"[70,80)"
df_nonhosp_chronic_30m7,6806.346192,3811.564244,11242.1345,nonhosp_chronic_30m,"[70,80)"
df_nonhosp_subac7,65441.73125,50524.81354,79776.7435,nonhosp_subac,"[70,80)"
df_yld_hosp_chronic7,879.0776237,307.184685,1851.58496,yld_hosp_chronic,"[70,80)"
df_yld_hosp_acute7,10.38541947,4.001211155,25.87715488,yld_hosp_acute,"[70,80)"
df_yld_hosp_subac7,89.60641138,30.72179542,248.1804022,yld_hosp_subac,"[70,80)"
df_yld_nh_chronic7,21492.84211,7481.540796,41630.94652,yld_nh_chronic,"[70,80)"
df_yld_nh_acute7,253.1905598,100.2791436,592.1549379,yld_nh_acute,"[70,80)"
df_yld_nh_subac7,2175.292512,774.4642893,5883.628118,yld_nh_subac,"[70,80)"
df_yld_acute7,263.1953325,104.3870441,616.7040883,yld_acute,"[70,80)"
df_yld_subac7,2269.158082,805.2352357,6133.773738,yld_subac,"[70,80)"
df_yld_chronic7,22373.21729,7833.859216,43500.11531,yld_chronic,"[70,80)"
df_yll7,13896.70371,9473.831808,19966.44008,yll,"[70,80)"
df_daly7,39247.15749,22976.13488,62725.46404,daly,"[70,80)"
symp8,82184.52136,63827.44641,100258.0092,symptomatic,"[80,90)"
asymp8,74577.22059,56503.73272,92934.29554,asymptomatic,"[80,90)"
df_hosp8,3224.783158,2305.985497,4544.343602,hospitalisation,"[80,90)"
df_hosp_acute8,1105.66339,774.8653357,1570.415772,hospitalisation_acute,"[80,90)"
df_hosp_chronic_6m8,698.251822,500.4689378,985.9765329,hospitalisation_chronic6m,"[80,90)"
df_hosp_chronic_12m8,424.2212254,292.9025072,620.7851837,hospitalisation_chronic12m,"[80,90)"
df_hosp_chronic_30m8,93.94221497,50.29011152,164.6550157,hospitalisation_chronic30m,"[80,90)"
df_hosp_subac8,898.9613745,640.4959506,1257.076144,hospitalisation_subacute,"[80,90)"
df_hosp_fatal8,924.6907091,666.1657176,1251.179076,fatal,"[80,90)"
df_nonhosp8,78801.3155,61471.30543,96102.78069,nonhospitalisation,"[80,90)"
df_nonhosp_acute8,26885.69251,20895.32783,33647.70135,nonhosp_acute,"[80,90)"
df_nonhosp_chronic_6m8,17128.64849,13299.8998,20931.6573,nonhosp_chronic_6m,"[80,90)"
df_nonhosp_chronic_12m8,10397.60366,7793.581452,13122.78122,nonhosp_chronic_12m,"[80,90)"
df_nonhosp_chronic_30m8,2286.23925,1280.297439,3776.212242,nonhosp_chronic_30m,"[80,90)"
df_nonhosp_subac8,21981.7581,16971.19288,26796.86269,nonhosp_subac,"[80,90)"
df_yld_hosp_chronic8,295.2805747,103.1827739,621.9440262,yld_hosp_chronic,"[80,90)"
df_yld_hosp_acute8,3.488443311,1.343999628,8.692089256,yld_hosp_acute,"[80,90)"
df_yld_hosp_subac8,30.09862965,10.31939541,83.36334308,yld_hosp_subac,"[80,90)"
df_yld_nh_chronic8,7219.406293,2513.036052,13983.75947,yld_nh_chronic,"[80,90)"
df_yld_nh_acute8,85.04624291,33.68358666,198.9037529,yld_nh_acute,"[80,90)"
df_yld_nh_subac8,730.6767519,260.1411274,1976.299858,yld_nh_subac,"[80,90)"
df_yld_acute8,88.40682735,35.06342283,207.1497717,yld_acute,"[80,90)"
df_yld_subac8,762.2060272,270.4770314,2060.323308,yld_subac,"[80,90)"
df_yld_chronic8,7515.1227,2631.37916,14611.60972,yld_chronic,"[80,90)"
df_yll8,5642.762572,3861.100805,8017.492147,yll,"[80,90)"
df_daly8,14209.32404,8511.714017,22257.13436,daly,"[80,90)"